id;email;mdp;role;nom;prenom;src_pp
1;amaia.kersten@iutbayonne.univ-pau.fr;5d5616c9738ee6435abedbb69a118f6821a4ced5eacc6322419d68c2519ed314;1;KERSTEN;Amaia;profil/default.png
2;geraldine.blin@iutbayonne.univ-pau.fr;5d5616c9738ee6435abedbb69a118f6821a4ced5eacc6322419d68c2519ed314;2;BLIN;Geraldine;profil/default.png
3;sec-info@iutbayonne.univ-pau.fr;c3a309d9403f16a12fd81aa5921ab654f345c36071d9a85ca750e0a76a40ce35;0;;Administrateur;profil/default.png
4;shloistine@iutbayonne.univ-pau.fr;c3a309d9403f16a12fd81aa5921ab654f345c36071d9a85ca750e0a76a40ce35;1;HENTRICS;Samuel;profil/default.png
5;cetchepar001@iutbayonne.univ-pau.fr;c3a309d9403f16a12fd81aa5921ab654f345c36071d9a85ca750e0a76a40ce35;1;ETCHEPARE;Cédric;profil/default.png
6;afakhfakh@iutbayonne.univ-pau.fr;c3a309d9403f16a12fd81aa5921ab654f345c36071d9a85ca750e0a76a40ce35;1;FAKHFAKH;Ahmed;profil/default.png
7;bpeyre@iutbayonne.univ-pau.fr;c3a309d9403f16a12fd81aa5921ab654f345c36071d9a85ca750e0a76a40ce35;1;PEYRE;Benjamin;profil/default.png
7;samuel.hentrics@gmail.com;0c3ec9f2d7bcc1083fe17ab977c2949b2f06bd578051a520334a969b90c70670;1;Sam;H;profil/default.png
8;abc@gmail.com;386dbed5748a4b9e9409d8ce94acfe8df324a166eac054e9817f85f7aec8aed5;0;test;test;profil/default.png
